id	question_concept	question	A	scoreA	B	scoreB	C	scoreC	D	scoreD	E	scoreE	answer	predicted
1afa02df02c908a558b4036e80242fac	revolving door	A revolving door is convenient for two direction travel, but it also serves as a security measure at a what?	bank	-3.0998	library	-5.5798	department store	-4.0762	mall	0.5039	new york	-7.7741	A	D
2435de612dd69f2012b9e40d6af4ce38	farmland	James was looking for a good place to buy farmland.  Where might he look?	midwest	1.9942	countryside	-0.9293	estate	-5.0468	farming areas	-0.2737	illinois	2.308	A	E
1d24f406b6828492040b405d3f35119c	playing guitar	What do people typically do while playing guitar?	cry	-7.4962	hear sounds	3.0195	singing	1.8207	arthritis	-8.1075	making music	4.9812	C	E
57f92025d860e32c4e780c0d51c1c20c	vinyl	What would vinyl be an odd thing to replace?	pants	-5.0403	record albums	0.9214	record store	-6.458	cheese	-6.2154	wallpaper	0.5176	E	B
c5c4166f2ed3c2b3517b79e6848e9ae2	booze	When drinking booze what can you do to stay busy?	reach tentative agreement	-5.9444	stay in bed	-7.4895	stop bicycle	-7.3168	examine thing	-6.6901	suicide	-8.1556	D	A
6dc5b2884737e66543ce65f8dc40c992	fencing	A fencing thrust with a sharp sword towards a person would result in what?	injury	3.1485	small cuts	1.6614	fever	-7.0676	competition	-7.0843	puncture wound	2.2199	E	A
b8b287b6277fccd4b7c9c72577177328	toilet	Where could you find a toilet that only friends can use?	rest area	-2.7765	school	0.1937	stadium	-4.7904	apartment	-4.1055	hospital	-3.597	D	B
4acd496cc78d96c2431279a5fd87de7c	helping	She was always helping at the senior center, it brought her what?	satisfaction	5.8548	heart	-1.6461	feel better	-1.5103	pay	-7.8044	happiness	3.4753	E	A
8d1563697d751a364d688d6701ebdb39	shop	What must someone do before they shop?	get money	-1.0924	have money	-2.2053	bring cash	2.7486	go to market	-0.7885	bring cash	2.7486	A	C
49cda7eedbf63b3f38e59ba72f1ee1f9	telephone book	What is a place that usually does not have an elevator and that sometimes has a telephone book?	at hotel	-5.0418	kitchen	-8.0149	library	-2.7989	telephone booth	-3.5272	house	-5.0816	E	C
ede4d302fc2ffe07703158f83c1493f2	hot	If there is a place that is hot and arid, what could it be?	bland	-7.4881	lifeless	-6.4969	sandy	-7.5736	neutral	-6.4266	freezing	-8.2713	B	D
2ffa3808ce26181926990b454e429c85	crab	Crabs live in what sort of environment?	maritime	1.3535	bodies of water	4.9516	saltwater	3.9293	galapagos	-1.8069	fish market	-8.1845	C	B
4319eaa36d256a92b72445c0392f9c94	snake	Where can you find a snake in tall grass?	tree	-7.2457	in a jar	-8.8493	pet shops	-8.3338	feild	-2.4068	tropical forest	-1.114	D	E
46bc1a50eeead10509a43a048e01194e	shower curtain	Where would you find a single shower curtain being used?	bathtub	-5.3741	washing area	-6.2988	hotel	-1.9977	shower stall	3.4006	department store	-3.9578	A	D
4336a8c55b7cb17275d1c60206cd2f18	fire extinguisher	Where is a good idea but not required to have a fire extinguisher?	school bus	-0.6053	boat	0.2758	house	-3.3085	hospital	-1.9909	school	0.382	C	E
dd11fea36d89aa09f9a6069545ba4c9c	basketball	What would not be true about a basketball if it had a hole in it but it did not lose its general shape?	punctured	-6.6988	popular in america	-7.8738	full of air	-7.9527	gone	-7.9727	round	3.714	C	E
7792b2c6518ecf9775efba6d41253312	awaking	If you are awaking multiple times throughout the night because a lot is on your mind, what is a likely cause?	irritability	1.2536	depression	0.8696	getting out of bed	-7.131	happiness	-7.5162	discomfort	-2.7972	B	A
a64d45cecde84fdcf5f0a79805a0c6fe	committing murder	What could committing murder prevent someone from doing?	go to jail	-4.7447	cry	-4.7703	find god	-2.1243	guilty conscience	-1.9695	problems	-6.136	C	D
e3c6d147f8a727d314046e70e9579ba0	illness	The man had a fear of illness, so he never visited friends who were a what?	sick person	0.957	hospital	-1.9424	elderly person	2.9544	graveyard	-5.8619	doctor's office	-4.5076	A	C
db0cfd52ca6b2bbfcf26d1a898fd929b	going to bed	Friday was James's 5th Anniversary.  They planned on going to bed early so that they could spend a long time doing what?	rest	-0.65	insomnia	-7.509	making love	4.1146	sleeping in	4.5546	texting	-4.9872	C	D
716ce4404a84b42dd64e561390c4b53b	subway stop	A mountie got off at a subway stop.  What city might he be in?	urban area	-0.1517	metropolis	0.3439	chicago	0.8657	new york city	1.3469	toronto	0.5636	E	D
5169f7ae0781b15161551de3a189ebef	illustrate point	What do you want someone to do when you illustrate point?	did not understand	-6.3377	accepting	-0.7086	make clear	3.7007	understood	4.9689	understanding	3.2632	E	D
9370b2b0897b796dec4a40f107854c8d	greed	What would you be unable to do if you have too much greed?	keep things	-2.3921	make friends	-0.7155	play poker	-2.8038	conquer opponent	-0.4032	lie	-2.4965	B	D
9dffd2021771e0ecddb19031acf3701b	person	Where could a person avoid the rain?	bus stop	-3.4693	tunnel	0.8777	synagogue	-0.4015	fairy tale	-0.5515	street corner	-4.0291	C	B
7ec11eeca4221795c117943ca2639e86	anemone	Colorful anemone look somewhat like what object you find on window sills?	intertidal zone	-8.7548	coral sea	-8.6432	under water	-8.8478	flower bed	-8.4662	florida keys	-5.6501	D	E
273d0134e8ce53d4ebcf41ca7fde02af	home	Where could you find hundreds of thousands of home?	field	-8.371	neighborhood	-8.2107	star can	-3.8362	city or town	-5.3424	apartment building	-4.9462	D	C
d00d3ba777cb3889a45799d72fca0a50	movie	If I want to watch a movie without leaving my home what might I use?	drive in movie	-1.0383	drive in movie	-1.0383	television	-2.3116	video store	-6.8881	show	-5.9744	C	B
1ab746bcd100ccf513055fe93c61010b	cave	The tourist entered Mammoth cave, what state were they in?	west virginia	4.0736	kentucky	2.2747	rocky hills	-7.0171	scotland	2.1064	canyon	-3.7461	B	A
e89a2762d578cb7bc2cc0a5b2a16d933	buy presents for others	What kind of feelings does buying presents for others create?	tears	-5.5006	please	-0.7615	like	4.24	thank	1.3523	make happy	3.4897	E	C
e476e2c8c278eaecfe1a8b884b6aeb8e	stranger	Sam was a stranger.  Even so, Mark treated him like what?	friend	5.9132	family	4.2427	known person	5.2264	park	-6.684	outsider	-0.607	B	A
290fac9f881a83d8bfb34355f8e71044	card slot	With the card slot lit up he knew how to get started finding his balance with what?	slot machine	0.1846	ticket machine	3.2914	bank machine	4.9154	telephone	-8.0953	automated teller	1.3715	E	C
b67971747e95ba425a5b81e0ba8d0b28	basement	Where would you find a basement that can be accessed with an elevator?	eat cake	-8.4311	closet	-8.3452	church	-1.747	office building	0.1302	own house	1.3085	D	E
7d7f7d7a8ae3b20ca9fc0da6efe467b4	going fishing	The man was going fishing instead of work, what is he seeking?	food	4.5766	relaxation	3.902	killing	-6.9552	missing morning cartoons	-6.5812	boredom	-5.7539	B	A
24ceaf5c10863e73919b5f1b0f2db38e	food	I'm having some food at my party, what will I need to serve it?	zoo	-8.0625	pan	1.2658	bowl	2.822	kitchen	-1.049	spoon	1.9455	E	C
e2a9f0041d17a9944377a91bef5e0d0d	rest	Why do most people take a quick rest during the day?	need to	5.7542	hungry	-5.0091	feel more energetic	0.6695	weak	-3.1653	regenerate	-0.1796	C	A
ae56eff01d05422ddbcb26be7181356a	running	What could suddenly stop someone when he or she is running?	mushroom	-4.9623	falling down	0.3981	sweating	-6.8177	exhaustion	3.2326	getting tired	5.2382	B	E
b33047f46db680a9b630c13e8ca115cc	sitting quietly	Dan was ditting quietly on the couch with a book in his hand.  Laurie thought that he was just focused on what he was doing, but he actually did what?	eat	-7.9093	think	1.0701	reading	-0.2209	meditate	-1.1526	fall asleep	-3.5203	E	B
6386bcf080633bc3eeb3317a5435b7b7	animals	The gimmicky low brow TV show was about animals when they what?	sick	-8.1775	mammals	-8.2792	males	-7.7666	bite	-8.0429	attack	-8.025	E	C
43ab0ff711e60d51f943bbd2cdd6515a	machine	A loud machine is irritating, but many are expected where?	museum	-0.7648	house	-6.0734	laboratory	2.2429	library	-0.5813	industrial area	2.0153	E	C
11c4c78d61e8212f0984fd07eb22b669	ruler	What part of a table would you put a ruler in?	drawer	1.1484	desk	-3.7421	the backside	1.4919	office	-7.5379	measure distance	-3.6529	A	C
60e8f1a86d4063895f340cd1e3c55f50	learning	What is likely to happen to someone who is learning?	overconfidence	-6.4123	effectiveness	-3.9628	knowing more	1.3389	head grows larger	-3.9031	growth	3.2464	C	E
9a23a7f04e63bf9f4c7dfe50c58abfd2	standing up	After standing up I had to sit right back down, why would I feel like this?	train	-4.2365	effort	-0.1339	balance	-5.4091	feet	-5.7724	muscles	-4.7866	C	B
3526550b02d9594abd4fc43553010fc6	gun	The dad wanted to protect his house, where did he put his gun?	police station	-8.7141	crime scene	-8.1291	restroom	-7.3757	drawer	1.5389	holster	2.8373	D	E
0f2377604e628c55ba588366139396b9	quill	What animal has quills all over it?	feather	-7.2638	chicken	1.0045	calligraphy	-8.4904	porcupine	1.9035	hedgehog	1.7522	E	D
6b9221c1af583ffb43580857d6fde38a	bladder	Immediately after peeing, a person's bladder is what?	collapsed	-5.3271	empty	4.8628	full	5.0506	filled	4.4116	stretchable	-6.6763	B	C
54ecb521df1d0f5b130a393c42b4126d	ferret	The teacher thought that a ferret can be very mischievous and probably wouldn't make a great pet for the entire what?	bad mood	-8.0757	hutch	-8.0891	classroom	1.0475	pair of trousers	-8.2356	year	1.6019	C	E
163d83851ecd4a4144b31b8738e4c335	dress	Women used to be expected to wear a dress but it's now acceptable for them to wear what?	man suit	0.9433	pants	2.8482	naked	-0.8795	action	-4.221	long skirt	5.1939	B	E
c410a4626dfce4b4cfd3e5937602cd77	disease	After recovering from the disease, what did the doctor call the patient?	healthy	0.6442	passing around	-8.2784	cure	-4.0471	wellness	-5.2857	healthy	0.6442	A	E
14d760e43728e9e4643c414627f2b596	edge	The painter started to edge the room with tape, he always took extra care to make the lines clean and crisp when working with an what?	triangle	-2.1986	middle	-6.7939	corner	-1.7946	center	-4.2712	interior	-5.8552	E	C
d2871dc28c82471e5d7f71f79e49c257	toilet	Billy hated using other people's toilets. He was only comfortable on his own.  So whenever he needed to poop, he would go back to his what?	bathroom	3.8326	motel room	1.6025	nearest public restroom	-5.9807	house	3.047	apartment	3.1206	D	A
94770e75c4e2000e717b4218ddff19e8	forest	The forest experienced a cold winter, where is it located?	earth	0.7319	south america	0.9971	amazon basin	1.6916	temperate zone	-3.5576	national park	-4.22	D	C
6efaeb796307036719635242fa5ad0f3	competing	When someone is physically competing what does their body do?	tension	-4.5084	perform better	-2.3079	releases heat	2.7175	winning or losing	-4.3658	sweat	2.6145	E	C
114d310d1198abffaf8b88dab5a55aa7	express information	How would you express information to a deaf person?	summarize main points	2.4153	close mouth	-1.3901	write down	1.9996	may disagree	-7.0045	talk	4.4766	C	E
1342c6aec9f5179d6ea6fa5fefbe5188	attending school	One of the potential hazards of attending school is what?	cooties	0.8276	get smart	-7.6405	boredom	2.6032	colds and flu	2.5914	taking tests	-2.3394	D	C
2a0e82bbf1471290c93c8f2a11af197f	see story	The old style pop ups literally let you see the story when you did what?	giggle	-7.833	visualize	-0.8975	open book	0.2903	reading	3.4667	go to movies	3.0335	C	D
adf228312401c9ff421a4da1b46bb70a	bureau	Where could you find a bureau as well as many politicians?	each city	-3.326	office building	-1.8297	a zoo	-8.3788	french government	2.1214	washington dc	0.5462	E	D
026cb9c07a583ec933f2c4c67ae73836	horses	Where are horses judged on appearance?	race track	3.7977	fair	-3.5739	raised by humans	-5.225	in a field	-7.1503	countryside	-8.1091	B	A
c57ed32566a2db1ec3d6e4fd595b9d05	read	Why do people read non fiction?	having fun	1.7706	it's more relatable	5.4776	learn new things	2.0521	becoming absorbed	-2.0509	falling asleep	-6.887	C	B
99af85081085e6228c6d78c95be01968	becoming inebriated	What is a very unlikely side effect of becoming inebriated?	fights	-4.7489	drunkenness	-6.7263	staggering	-6.6278	puke	-0.2668	paralysis	-0.5859	E	D
99789083502af9bf111876a00fae44ac	fish	If not in a stream but in a market where will you find fish?	stream	-8.2447	aquarium	-4.5597	refrigerator	-8.3289	boat ride	-7.5407	market	-2.6328	C	E
83dad4fe630fddbdcd5b18ef890c66f2	buying products	What is the likely result of buying products in excess?	running out of money	3.1234	spending money	-2.2806	poverty	-3.5844	comparison shopping	-7.9375	overstocking	0.5477	E	A
879239b8a788f3c9e3dfdd0862f3d7c5	bum	There was more than one bum asking for change or a ticket, it was the cheapest way to travel so it was no surprise sight at the what?	train station	5.2301	beach	-6.4639	bus depot	4.3276	bridge	-1.0472	stumblebum	-7.742	C	A
d6bb990e8c409d2b3af37a2da198e01f	book	Kramer wrote a self-referential book.  What might that book be about?	counter	-6.1044	coffee table	-8.5706	school room	-7.5883	backpack	-7.4167	bedside table	-7.8884	B	A
ceafca2445b1b974d085a8cce38e8e44	parking structure	What city will likely have many parking structures?	chicago	2.178	big city	4.1356	large city building	-1.4054	environment	-6.9837	college campus	-4.0818	A	B
793672da43fbc609e8c5760630c7e239	fox	What is the habitat of the fox?	hen house	-8.4053	burrow	-1.1542	california	-0.582	england	-1.5905	mountains	-0.7402	E	C
d867f76d000bdb59b9b4cb982bd7f0a0	water	Joe was thrown from his boat into the water.  The water was cold because it was the middle of winter and he cried out to his crew for help.  They couldn't hear him over the sound of the what?	surface of earth	-8.2969	teardrops	-4.9079	snowflake	-4.7771	typhoon	2.2084	motor	4.6579	D	E
a339fe08f1f50463ee180b797e99ebcc	energy	What do you need energy to do in gym class?	work	0.5162	tacos	-8.2273	mass	-3.2292	play sports	-2.0484	wrestle	0.3159	D	A
1a86310d7279097205a3403752c3b914	death	WHat leads to an early death?	poisonous gas	2.0748	homicide	1.3724	cinder	-7.273	nuclear weapons	0.5776	cyanide	0.2061	B	A
cfc7fccb8449a2a950c9d2a50991420e	living	What happens at soon as a living being is born?	expiration	-6.0606	growing older	-7.8964	sometimes bad	-5.178	death	-6.9987	start reproduction	-2.385	B	E
c611875b43b67b91030b889b267bbcb3	toll road	There was a toll road that meandered from Maine to New Hampshire, where was it?	massachusetts	1.9617	new england	-2.2808	my house	-6.2471	new jersey	-1.3705	connecticut	2.9949	B	E
f75357e48c3026cfa4da3dba9f91bb21	sky	What does the sky do before a rain?	appear beautiful	5.2883	appear blue	5.1923	shows a rainbow	2.0835	rain water	-0.125	cloud over	4.3422	E	A
5de3248caa2e5ed83dd0ec45a15eae18	lizard	What geographic area is a lizard likely to be?	ball stopped	-8.2357	west texas	-1.8979	arid regions	-0.6887	garden	-8.3525	warm place	-2.0896	B	C
aead08289ca9abfcd169f935ea228ee5	child	What do you ask a child to do when you first meet her?	ask questions	2.3744	count to ten	0.9382	costume	-7.5724	state name	-2.181	dress herself	-1.1261	D	A
b93532cae23e505628dd88568da3337e	dishes	Where can you store your dishes in your dwelling?	drawer	4.9021	shelf	4.5117	pantry	4.4907	apartment	1.7792	cabinet	5.4875	B	E
70701f5d1d62e58d5c74e2e303bb4065	sitting quietly	What is someone doing if he or she is sitting quietly and his or her eyes are moving?	reading	-1.0967	meditate	0.5702	fall asleep	-3.4078	bunk	-7.8545	think	1.863	A	E
eacd87f297193033669a93160ae3776f	stapler	Where can I find a stapler in many places?	desk drawer	-2.8517	office building	-0.5489	manual	-8.0336	office supply store	-0.031	desktop	-5.4744	B	D
494c501dbbfd36c602aae9e5b8e0cfff	flowers	Flowers make a good center focal point, just one of many arrangements that look good on a what?	market	-5.8842	table	4.86	countryside	-7.574	anthology	-4.096	vase	5.0217	B	E
8b23cd355ffc8b6e7aa5459ffb21b4e0	dining area	Where is a dining area likely to be small?	cruise ship	0.8114	home	-0.8478	mall	-0.9282	restaurant	-1.3258	dark cave	-2.3051	B	A
6ca8439d062de4d43d7d471c508b78db	have fun	More people should lower the guard and just have fun, we don't got long just what?	enjoy living	-2.7467	happy	-7.4865	enjoyable	-7.7772	get laid	-7.4352	do enjoy	-2.5952	A	E
c770870c88f35f9d110217049c5a7334	affair	She was in an affair, what did that end upon discovery by her husband?	relationship	3.9771	marriage	2.6675	fidelity	-5.2403	love	-5.6579	divorce	4.7399	B	E
b9b82aa4c236cd342ff95455b8516a42	sitting down	Sitting down quickly after eating beans could lead to what?	flatulence	-2.1291	happiness	-2.4973	laziness	-0.1854	fall asleep	-1.2771	comfort	-2.4516	A	C
5c224410a40c9269b1e542cfcb430d35	cup of coffee	Where do people want to have a lot of coffee?	table	0.4265	office	0.8006	desk	1.8792	kitchen	-2.2449	ocean	-7.2884	B	C
cab9eea2a91b1bd5c0a01b11f594f154	japanese restaurant	Where are you likely to find a Japanese restaurant not run by people from Japan?	california	-0.4256	downtown	-5.9281	large town	-5.7564	tokio	-4.0498	china town	-0.122	A	E
6e77de03bee86d6c20780e14f00944d0	animals	Animals who have hair and don't lay eggs are what?	reproduce asexually	1.2135	males	1.9392	mammals	-1.2789	attack	-8.1108	ocean	-6.6172	C	B
7f25dbab26165b3c8800c2733ca759d6	fox	John was an aristocratic fox hunter.  Where might he live?	england	3.9807	new hampshire	2.3449	street	-7.7931	arkansas	-0.884	north dakota	-0.1646	B	A
9024493a3edbaf555fda5b477e835bf5	grape	Where is a grape likely to be being fed to someone else?	field	-5.331	bathroom	-6.4211	michigan	-3.0948	minnesota	-4.7051	painting	-8.3833	E	C
8becd2ee4e86258566a9c2b0e6d9544e	going to party	If you're going to a party in a new town what are you hoping to make?	getting drunk	-7.7243	making new friends	3.4499	new contacts	5.6896	doing drugs	-7.925	set home	-7.0613	B	C
406e15b76269d20b5448a91648094291	keyboard	WHat type of keyboard is made up of one or more pipe divisions?	killing	-8.3337	typewriter	-0.6755	office	-8.4325	terminal	-1.7054	organ	-1.7883	E	B
78d1218aeff70a70904767349e3c4c53	sun	Brawn opened the curtains so that the sun could do what?	dry clothes	0.45	warm house	0.837	warm room	0.9321	shine brightly	2.4846	get dark	-4.1822	C	D
6714487b839f648e348ac972ed114af3	curiosity	What would you do if you have curiosity but are blind and paralyzed?	hear news	-3.8761	analyse	-7.0311	go somewhere	-6.3611	examine thing	-4.8715	see favorite show	-2.4581	B	E
3e536d9253bfac45de83e8ee291ca143	furniture	Where might it be hard to get furniture to?	apartment	-4.1291	loft	-2.8587	store	-6.3235	rug	-8.0156	stairs	-1.3411	B	E
f7140f00ddd8d1c5d93b05ea32ad1fff	row house	Many people wanted to leave their country estates for row houses, what did they need to move to?	living less expensively	-1.0709	england	-2.766	prison	-8.3176	city	2.479	town	3.2627	D	E
80c19c62338edae0e8a1f5c6fec0d29a	food	Where is food likely to stay dry?	etna	-3.7435	cupboard	-0.9921	oven	-1.9754	stomach	-2.2878	fridge	1.5386	B	E
7490aa460f66000555a8a94008179cbb	watching television	The woman is watching television and trying to forget her day, what is her goal?	entertainment	-0.7261	falling asleep	2.8381	getting fat	-8.2327	crying	-7.936	relaxation	2.3399	E	B
080ef6941410139d6869e78122bc741e	beaver	A beaver is know for building prowess, their supplies come from where?	british columbia	-3.468	body of water	-6.985	wooded area	-4.6501	pay debts	-8.4972	zoo	-8.3437	C	A
75ac594b4fdbfba006e61315d1b2c815	going public	Going public about a common problem can gain what for a celebrity?	wide acceptance	0.4472	a degree	-8.6095	pain	-8.7357	getting high	-8.5068	press coverage	2.8664	A	E
5a8e7d2f97f76adb23fbd59a009d16f0	electricity	The electricity went out and everyone was shrouded in darkness.  They all remained in their seats, because it would have been dangerous to try to find there way out.  Where mihgt they have been?	opera	1.2	concert	2.9747	basement	-1.5667	bedroom	-7.2535	grand canyon	-0.8311	A	B
cc917ca0e03c91a5141920f5a902a36c	christmas	If it is Chrismas time what came most recently before?	halloween	0.7849	summer	-2.3334	easter	1.8518	kwaanza	-4.6223	give gift	-7.3154	A	C
ec86900559a0faf2aef066e511a4cfa6	ink	what do you fill with ink to write?	squid	-7.8111	fountain pen	4.2647	pencil case	-1.0111	newspaper	-2.1886	printer	4.8811	B	E
27d9b4df2ca50112d282331df4923e96	map	If you were lost you might need a map, the best place to find one on the road is at any what?	truck stop	2.0427	amusement park	-8.4446	atlas	-8.1117	mall	-7.8312	gas station	-0.6727	E	A
e98031901c815e55040d9fe28c4d9387	cat	Where would a cat snuggle up with their human?	floor	-5.5396	humane society	-8.5063	bed	4.6573	comfortable chair	1.8343	window sill	-5.5473	D	C
2ac72eaf30a633c410b1bd658bbef0ba	car	Where do cars usually travel at very high speeds?	freeway	4.5316	road	-5.5609	race track	4.28	alley	-5.2266	parking lot	-8.3339	C	A
9003c4748b08d5a734747e499599ff20	settle	What will you do if you do not want to settle in one place?	walk	-1.3423	agitate	2.3824	wander	3.5734	remove	3.954	disturb	-3.1358	C	D
28aac6d39cdd270d2a6a28e1985484cb	bungalow	Where would a person live that isn't in the metro area but still has good schools?	woods	-5.1389	bed	-5.5862	suburbs	2.2392	rural	3.0114	neighborhood	-0.1353	C	D
95a85df48902d23eb3fda25a99fca1a0	love	What is it called when two people in love have children?	take oath	-8.2901	procreate	3.308	matrimony	4.174	please parents	-7.9901	live life	-3.9064	B	C
79c3378b7660d328902d7c0ad442a37f	policemen	What did the policemen do when they heard a cry from a distance?	run away	1.4297	hurry along	3.4053	fine motorists	-6.9171	direct traffic	-5.0599	help	-0.5398	E	B
e313d7967f72c2b880213daaaf4b7181	child	What does a child learn to do before school?	count to ten	3.8625	state name	-2.7504	dress herself	2.9069	clean room	0.4501	socialize	-4.2802	C	A
d1ad9b79f54205b6b9ac19a27f9c2be5	landing	The neighborhood had a great sense of community, there was always a crowd at the landing of the what?	stairwell	3.9574	arena	-7.9898	ocean	-8.4136	airport	-0.3354	apartment building	-1.4198	E	A
236691d38665d7bcdd0c9b9834252a51	information	Where do most people turn to get information on their phones?	internet	2.2663	book	-6.7119	online	-0.1538	google	1.4654	manual	-5.117	D	A
91756d8e475d8d59fa0a4e35f408e366	rise	When you see something rise, you are where in relation to it?	sun set	-5.5519	near	1.7105	fall	-7.2153	below	-0.6958	lower	-0.7277	D	B
22015315e7ff79386877828b4fa27799	rug	Where would you keep a rug near your front door?	persia	-8.0503	desk	-7.574	table	-8.0236	living room	-1.4803	hall	1.546	D	E
3d9c3253e24fb108cea9083e8a853cf2	stranger	Bill wanted to pick up a stranger, preferably a responsible one with kids.  Where might he look for one?	bus station	1.0488	paradise	-7.5888	train station	-0.5624	park	-1.8369	sea	-7.3898	D	A
732af155f677a51d05d0c9e080d598b6	performing	Everybody began performing once their director stated what?	fear	-7.6807	injury	-7.7098	happiness	-6.0256	action	-2.1361	cut	-0.8011	D	E
48abc2c113623fd72f758502529f93a5	learning about world	By learning about the world, many poor college students gain what?	pleasure	-5.7237	greater mobility	-2.0436	desire to travel	-2.4408	global warming	-8.4456	increased security	-6.4698	C	B
e7084c166ec67d0f983a26e055e845c6	seaweed	where is seaweed from?	beach	-6.9672	sea	4.4972	ocean	4.3632	water	0.3454	sea plant	-5.1995	C	B
463521a93ae71e93bea8b97cdf7a6792	dust	John wanted to clean all of the dust out of his place before settling down to watch his favorite shows.  What might he hardest do dust?	closet	-3.508	under the bed	-4.9518	television	-5.225	attic	-7.4074	most buildings	-7.7988	D	A
b5345f15d5b451562ab9e0851e7f394f	smile	The smile gave away that the what was one of happiness?	manual	-7.6761	rainbow	-6.5338	cry	-8.0194	frown	-7.4753	make others happy too	-2.0489	C	E
a1303b5177df0a5b653c9abd7d5f5e08	bungalow	Where would a person live if they wanted no neighbors?	housing estate	2.0093	neighborhood	-4.0835	mars	-6.0178	woods	-0.185	suburbs	2.4077	D	E
18eb6a3b54ccf4989e268cfb9ea90f9c	friends	What would friends do if they need each others' help?	call each other	3.7176	group together	2.8037	understand each other	-1.1769	meet for lunch	-4.137	part company	-4.6667	B	A
9bac07574c966cae34c85e9f25538cba	getting in line	John didn't mind getting in line.  It was what game after that he hated.  The time, the sore feet. He did not like doing what?	have to wait for	1.1261	standing in line	0.6089	eat cake	-8.1746	less confusion	-8.5386	being ordered	-4.9666	B	A
4536489e5d8e02aadc3fcc7a55effe20	maps	Where would you get some maps that you own?	bookstore	-4.2206	library	-4.821	electrical circuit	-8.2483	cabinet	-7.4741	important when traveling	-3.5957	D	E
d07f149d8d953dcc45dda432194c375e	having fun	Stark was just having fun, and he wasn't hurting anyone.  What might have he been doing?	painting his nails	-7.619	playing marbles	-4.2708	constructing	-2.7854	need for rest	-8.1321	wild ride	-4.4287	B	C
5c2bc4335c8860342ec2d568ceb6ac6b	shelf	Where is a shelf likely to be hidden behind a door?	refrigerator	0.0937	bookstore	-3.3919	cupboard	1.6747	school building	-0.1421	wardrobe	1.9844	C	E
c3b7f4196b12714940ac1b9417194df4	platform	Where is a statute found on a platform?	below	-7.9075	arena	-1.9412	concert hall	0.2385	museum	-3.5125	building	-5.4928	D	C
b1a9b20793b46e46e1beedadbf852f84	electrode	The electrode wouldn't spark, it turned out that the what hadn't been connected?	battery	0.1652	electronic equipment	-2.4487	electrolytic cell	-1.4137	charge	-2.942	tube	1.1591	A	E
7cf54544d54818d53e7088c0749a3eca	student	What must a student in engineering do?	answer question	-0.799	learn language	-2.9127	do mathematics	3.4354	be able to count	-2.3111	begin to study	4.9609	C	E
5d687fe9c95436ce84230c996d34382d	reduce	The person tried to reduce his weight with a shrink ray, but he got it backwards and only did what?	grow	-3.4254	gain weight	0.2083	make larger	-1.0332	augment	-4.5942	get bigger	0.6391	C	E
af11faa29097b71141fe192ad019d1dd	baby	Christine couldn't be having a baby at her age, she thought to herself. What was Christine?	old person	3.1297	begin to talk	-7.1268	adult	3.1768	old man	-6.2727	girl	3.6149	A	E
7044d82a456d0fa6f0210abb03cbf2c4	playing ball	If I'm playing ball, I'm mostly trying to do what?	losing	-4.6498	competition	-4.7226	having fun	5.3229	win	5.8467	injury	-7.7914	C	D
ecbc1ab06ad1ed6c53e5293d7a90ebd3	silk	If you wanted to show off silk, what item could it be on?	jean	-0.6321	mulberry tree	-7.8786	garments	2.0184	expensive clothing	0.5885	parachutes	-6.9071	D	C
9a356ff463c042d04ba45bfd627bac20	information	Where is known to be a wealth of information?	park	-6.4192	internet	3.1732	meeting	-2.6198	library	2.152	book	-1.6845	D	B
bd4e80fa6642a76c064d0bc924411fb0	mat	When you wipe you feet on the door mat and walk through the door where do you enter?	a chair	-8.5023	school	-6.6603	living room	-2.5488	doorway	0.2085	bathroom	2.1264	C	E
05490e6c191fbc3c2fe0033ed0bd8aa0	book	What can you use to store a book while traveling?	library of congress	-8.1328	pocket	2.3579	backpack	5.4918	suitcase	5.1091	synagogue	-7.0512	D	C
6abd34442438509b4a00c69d6fd24764	gazelle	Where would you find gazelle under a G?	open field	-6.369	ivory coast	-4.6139	dictionary	1.0098	steppe	-4.2845	encyclopedia	-0.384	E	C
36f1ceeecde7abf99dab635239e12442	hair	For many males hair is a concern as they get older, it begins to what, causing a receding hairline?	thin out	3.1518	grow in ear	-6.877	fall out	0.6938	bulge	-1.9511	composted	-7.2095	C	A
9382bc51ba092f55a494eff8615899de	apple tree	I picked from an apple tree outside of Fort Wayne, where am I?	woods	-7.6983	illinois	5.2548	indiana	4.2898	washington state	2.225	tampa	-1.5808	C	B
07ea8ff6ee916f2bf9aceab1e19ff99a	celebrating	If you're celebrating with too many cocktails what may you have in the morning?	drunkenness	-7.1332	have fun	-7.926	headache	4.6858	hang over	2.9493	intimacy	-6.5375	D	C
e248968fec422e1fab0f0561fedff76e	drop of blood	Where are you likely to find much more than a drop of blood on the floor?	crime scene	3.0965	vein	-3.0949	blood bank	0.0137	slaughter house	1.7942	needle	-4.7979	D	A
70d3ebc00b165d9d08f9491a1dd85034	mailbox	The town house went right to the curb, a slot effectively made a mailbox of the what?	apartment building	-6.5054	front door	-1.6066	back door	-1.3382	street corner	-2.8369	porch	-3.0971	B	C
7fe53bf68ec57a52a508611acf5b279e	baby	Joan was a baby, so there were many things she couldn't do, which caused problems for her parents.  Name one thing that makes raising a baby difficult.	arrive early	-3.8038	learn to walk	-0.1085	boy or girl	-6.8476	bring joy	-7.5163	talk nonsense	-3.4895	E	B
6c4b2c93a4bdafb6cbf2b2ef2439b06f	running errands	Running errands with screaming kids will likely cause what?	efficiency	-8.2636	insanity	-2.8286	aggravation	4.3742	tiredness	1.9872	stress	5.0544	C	E
51e2da7396ab7045533e885dbb98a424	lying	Sam wasn't lying, but he left out important details. He was being what?	dishonesty	-4.9156	deceitful	3.9103	imagination	-3.7074	deceptive	4.2638	poker face	-1.6701	B	D
96ea2c3174229c4a6a0e2ffaed2df378	corner shop	Where may you be if you're buying pork chops at a corner shop?	england	-2.1066	town	-0.515	desert	-7.7368	kentucky	1.0753	iowa	-0.3625	E	D
dc36293f603cf230f8059fc6f2e5660d	nails	Where would you put nails if they are already packaged?	pocket	-3.816	container	1.4394	cabinet	-2.0419	jar	-1.0899	store	-5.0092	C	B
68a911b64dc943b5f81c0f8dec7faed7	pencil sharpener	The pencil sharpener was broken in the classroom, where did the teacher recommend the student go?	home	-1.2373	library	-1.4853	stationery store	-0.6204	cabinet	-6.2266	desk drawer	-3.9835	B	C
1cd94405124031e8681cd12bd25e2d61	procreate	He was trying to procreate with many individuals, this led to a what?	moaning	-7.8034	die	-6.467	kiss	-6.3132	std	-6.7013	sanity	-8.3041	D	C
8ebf9d24719649a0b041aea02a6e46af	pond	If there is a pond with trees around it, where it it likely located?	ground	-6.4934	bathroom	-7.9367	forest	0.3427	countryside	2.9221	rural area	1.0112	C	D
cce1b59f7c4f540a84a1a7d6d88548c4	eating hamburger	What is the least likely immediate side effect of eating hamburger?	nausea	0.882	death	-0.5296	illness	-0.1132	health problems	-0.4367	gain weight	-2.9819	B	A
60848ce50295fc745756fbe960e78b88	going to work	What would I be doing while going to work and walking?	listen to radio	-1.1853	solve problems	-5.5723	driving	-7.0497	walk	-0.6813	being late	-6.187	A	D
335b51bd3a8ada014bbe6754dcbd425f	flat	Where are there likely to be a variety of flats to choose from?	london	1.1377	apartment building	3.8568	city	3.4626	falling down	-8.3337	town	-0.4151	C	B
c7327a1a7d12b6cc0740fc9446270e02	weasel	A weasel has a thin body and short legs to easier burrow after prey in a what?	tree	-1.6225	mulberry bush	0.7507	chicken coop	-8.3434	viking ship	-8.093	rabbit warren	0.0236	E	B
95d1d968ee66b6054cbb16b58a7c6455	reduce	The surgeon's clients had begun to reduce, it seemed girls no longer want to what?	reduction	-5.9156	make larger	-2.1346	augment	-0.031	gain weight	2.0284	expand	-0.3868	C	D
c43b60be106662de1863097ee3ddb4d2	magazines	While waiting for this appointment, people often read magazines.	doctor	-6.3519	train station	-6.2148	newsagent	-7.8958	market	-8.3213	table	-7.7918	A	B
3df1b88da6a90c9526be2c8a6cc736dc	dog	Billy saw a dog running from him and did his best to get away from it.  The leaped up to where the dog couldn't reach and was stuck.  Where might he have been trapped?	kennel	-6.0706	table	-2.2731	porch	-0.7345	backyard	-4.2599	park	-5.8472	B	C
f912bcd7479b76db9b1c57a612b90f00	parents	John and Judy were parents.  They had two wonderful kids who weren't always well behaved.  They were light tough, though.  They felt it was a parent's job to do what?	control children	1.8131	guide children	0.4474	speak freely	-4.9325	cry	-7.9498	understand children	0.1817	B	A
94f34cc1e6aa9eefe06563cce8225658	fiddling	What are you playing if you're fiddling on a violin?	bluegrass music	5.0983	make music	-1.8864	drop	-7.7007	string instrument	6.284	troubles	-7.83	A	D
5502dc807d4921679ae1abd0dc9570d6	flirt	Why does someone flirt with many people at once?	have sex	-4.3327	get laid	3.0614	were lonely	0.1626	attract attention	2.9296	dance	-5.536	D	B
d6107d454181b701ddcaa449a1e422a3	band	Why would a band be performing when there are no people nearby?	record album	-6.8159	play music	-5.6198	hold concert	-6.9462	blaring	-7.5158	practice	-0.8171	A	E
2a58e81a9c4ce095d099e0d785fc2da4	having bath	Sometimes a person has a fear of water or a dislike of being wet, it is still important to make sure they are having a bath why?	flooding	-6.8724	drowning	-2.9661	wet skin	-3.6701	get wet	-2.4012	rash	-5.6014	E	D
07f108d5321a66f460685f5c7499ecb2	auditorium	Where would there be an auditorium with only a single person speaking?	lights	-7.6846	crowd	-7.922	university campus	-4.6608	theater	0.2359	park	-8.0871	C	D
67ffcb4c3f2c6a1155e356f8a15ed250	liquid	They were making sauerkraut, the instructor explained the liquid should be above the cabbage in the what?	jar	1.8311	drinking glass	-1.5788	pot	4.292	container	2.5222	can	-1.015	A	C
87a133afae5d9d29d634f3384f28ef24	cup	From where would you normally take a cup when you're about to get a drink?	dishwasher	-7.0056	water fountain	2.7801	sand box	-8.6875	toilet	-7.8608	kitchen cabinet	0.8885	E	B
042898e0c71adac5d123aaa6221c9754	kosher restaurant	Where is likely to not just have a kosher restaurant?	jerusalem	-1.4769	jewish neighborhoods	-4.5151	dining in	-7.7945	new york city	-2.5901	dining	-7.5849	D	A
93bbaccb1c46d22124a846b8514de5bc	bald eagle	The bald eagle flew from Mount St Helen's to the Puget Sound and all over what?	washington state	0.845	utah	-3.7542	pacific northwest	4.4453	northern california	1.4827	the desert	-7.4351	A	C
ef889edd1b57d8d0c81e43f73c98c8e9	knives	Where could you get some knives if you are planning to bring them outside with you?	sporting goods store	-1.6598	backpack	-2.891	kitchen	-7.6149	sharp edges	-8.2815	dog house	-7.6265	C	A
1272e693cf9152e7ac71095c643676b5	mezzanine	In the building where James worked there was a small mezzanine in the auditorium to make more space for seats.  Where might James work?	theater	-0.1016	floors	-8.3113	concert hall	-2.7023	education	-1.6742	school	1.6743	A	E
896b25dc41f84357add1c798d4a96cd8	seaweed	Where is seaweed usually found alive?	ocean	3.1184	found in ocean	2.2745	water	1.7335	found in sea	2.1951	beach	-0.6623	C	A
129ec46cc2541b73198d774ee632c8d7	elevate	What will happen to someone if his or her spirits cannot elevate?	sadden	-0.124	demote	-4.109	depress	1.6932	drop	4.2115	decrease	4.4583	C	E
87505da761eaa5c3c4703d02a12d46bc	manchester	What is the word added to Manchester that signifies what county it is in?	england	-0.4877	united kingdome	-5.7272	lancashire	3.1976	greater manchester	2.1722	cheshire	2.7513	D	C
3310b5b24f03d67179fababf9ae95144	letter	The field general began to write out a letter to the king, he was told to send what when the enemy was near?	syllable	-8.4137	english alphabet	-8.4691	word	-4.3364	email	-7.426	invitation	-2.5637	C	E
846bc47ced7119ad2ee19a8780d7fe18	pens	What will you put on a pen to prevent it from drying out?	write sentences on paper	-7.3535	ink in	-2.38	ink cartridges	0.5223	caps	-0.7017	cling film	1.4391	D	E
fd5a34e94303d7fd343de2a8f36943d5	cave	After climbing the mountains, the explored found the cave, what was the general goegraphy of the region he found it in?	west virginia	1.0837	kentucky	-2.2465	desert	-4.8113	sea	-8.1865	rocky hills	-0.3252	E	A
c7cb327fa4c0008efaa7741081a365d4	mosquitoes	What would you be building if you designed a place for an annoying critter to stay?	spread disease	-8.5223	swamp	-8.3272	fly away	-8.6921	cat condo	0.5322	bug campers	-5.459	E	D
2af70107e04e61e3c7884bc743901c02	buying products	There's some new buying products designed to get you money if you have none. The first step is that it will show you how to declare what?	tax return	-3.0857	bankruptcy	-0.36	pleasure	-6.9522	debt	0.0648	spending money	-1.9429	B	D
a5db1e9677af118deb8e4add8bc18db2	louisiana	Which group of states is Louisiana part of?	deep south	5.0082	98 of world's crayfish	-7.5941	united states	5.2866	gulf states	4.7868	bible belt	4.2351	D	C
6b270159bd402ddd498a38153f9d1efe	rats	The rats were hiding in the house, where were they?	sewers	-7.2419	laboratory	-8.1131	basement	6.0401	clinic	-8.1096	cellar	5.3206	E	C
a5ca7c89196e54938b5827814d0071d4	kite	James saw a kite flying in the sky.  He traced the string back to its origin and found it.  Where did the string begin?	end of line	-2.5375	hobby shop	-7.2728	his hand	-6.6003	toy store	-7.7666	child's hand	-7.6162	E	A
6cc797ec148c1fc74592957a55bd0951	using television	What can happen to you when you are using television and it is not interesting?	turn off	4.689	functions	-7.5788	turning off	4.2681	entertainment	-7.3753	fall asleep	3.895	E	A
a74753bf249c1cbcff632c5c16b0397b	plant	Where is a likely place for an ivy plant?	flower pot	1.3918	shelf	-2.6435	windowsill	1.4757	outside	-0.4532	sill	-0.0213	D	C
9190efbd77fe10b989fcaae35e208a0f	baseball stadium	Where has the newest baseball stadium?	phoenix	1.3163	chicago	2.9684	antarctica	-5.3088	san francisco	2.3589	urban areas	1.3063	A	B
ff0303db294a823d4138fb81a6ee6438	ground floor	What type of residence has a ground floor with a stoop?	brownstone	2.2422	hotel	-7.3163	condominium	2.715	entering building	-4.3863	office building	-5.9919	A	C
cc8324b73ed9625e723ef041dfc77a37	losing weight	What might happen if someone is not losing weight?	loose skin	0.4942	beauty	-8.0955	miss universe	-7.5009	death	0.0362	healthier	-7.6792	D	A
52ecf169febc95a7f5ccb048fc85857d	driving car	What could prevent a driving car from continuing to drive?	automobile accidents	0.0903	backache	0.2768	pollution	-4.1028	smoke	-2.1162	low fuel tank	3.9475	A	E
b4043bd1f65a8ad088e62042eca259c2	crowd	Despite the large crowds, how did the depressed man feel?	small group	-5.6912	alone	3.1199	solitary	-0.0424	solitude	-2.386	panic	-5.0903	C	B
f0d473701d52125dd055d23042de1b0d	dog	The dog curled up for a nap, it was tuckered out because it had just been what?	walked	3.0152	petted	5.4479	affection	-4.7148	go outside	-2.8673	scratch	-6.294	A	B
7f7a6f2b3087bf37dadbe8aa8d358047	eating lunch	What can eating lunch cause that is painful?	headache	3.2186	bad breath	-6.2046	heartburn	2.1654	gain weight	-8.0878	farts	-6.1732	C	A
001cb999a61a5c8b4031ff53cf261714	straight	John needed a straight wire.  Unfortunately, this one had endured some abuse and had become what?	bent	5.352	bent	5.352	crooked	5.4722	straightforth	-6.975	curved	4.6062	A	C
300bd7704ae8c5fcef618902f18fd01d	relax	What does someone do to relax at night?	find time	-7.4787	check mail	-7.5433	listen to music	4.6887	go to bed	1.8393	stop worrying	1.3111	D	C
5bba03b425f5abc6e017f194cf074b06	courtyard	Many homes in this country are built around a courtyard. Where is it?	candidate	-4.8755	spain	-6.5377	lawn	-8.1858	asshole	-7.0568	office complex	-8.3853	B	A
7c62637437ad7515452886074010a438	kill	Why would a woman kill a stranger she met in a dark alley?	being raped	-0.8757	get rid of	0.2532	they didn't know the passcode	0.3217	get revenge	1.7698	were evil	-0.1074	A	D
4f7be1c68654e2924c161c8eca652928	eat breakfast	The baby was cranky, it needed to eat breakfast but refused to what?	buy food	-7.0749	open mouth	-1.8681	get out of bed	3.6646	cry	-6.3157	wake up	1.226	B	C
6f48ee564a48293eb501cc0d8197bdd9	picture	Where would you display a picture on a horizontal surface?	microwave	-7.1064	desktop	4.6903	shelf	4.8791	art show	3.5666	wall	5.8167	C	E
4499ebd5e8188b0d5fdef6afd893017a	seat	I took my seat, the curtains drew back and I enjoyed the what?	airplane	-4.114	movie	5.3547	auditorium	-4.1228	theatre	0.323	show	4.7698	E	B
cef855ec07c66a731741026c2839b0d3	neuroepithelium	The student explained he had a clue what neuroepithelium was and got really nervous, he then lost his balance because a what issue?	tastebud	-7.9346	retina	-7.0205	inner ear	-7.1421	nasal cavity	-7.0875	autistic	-5.0264	C	E
0bbb82c1dc4bfd3b0e0c409a0afd248b	people	What could people do that involves talking?	confession	-1.2376	state park	-8.5626	sing	-1.6271	carnival	-6.3796	opera	-0.7759	A	E
5393ba1ce298bd1ac4744c07d7373a9c	fail	When you get an F, you fail. If you get A's you are?	passed	2.4548	completing	-0.1696	passed	2.4548	passing	3.6034	succeeding	4.651	D	E
da83d85e28778c082d9a63f5b890b26d	boundary	The ball was hit over a boundary and struck an audience member.  What kind of game were they playing?	sporting event	-0.5555	sporting	-2.0528	basketball	1.5661	society	-7.3782	ranch country	-7.935	A	C
63db79b940f36f0333377f85c19eacb2	listen	I listened to lecture intensely, what is my goal?	gain confidence	-3.7473	concentrate	-1.0916	get attention	-5.5981	pay attention	0.7787	stop talking	-5.5453	B	D
467a3b464b08b3ffc9922e2a726554f6	adopt	The family wanted to adopt for enviro-ethical reasons, what did they abhor?	orphan	-5.8815	biological child	-4.5103	give away	-2.1885	foster child	-6.655	abandon	-1.6265	B	E
dea70fe40fac9ad03bf319bf8a480efa	airplanes	What happens when airplane engines cut off and are unable to be restarted in flight?	stall	4.7419	start melting	-6.4718	taxi	-5.0648	crash	2.3292	speed up	-7.7269	D	A
36c1f50eec01c287b8ef6ffe69fe0528	lodgings	He wanted lodging in the actual what, so that he was already where he needed to be?	a yurt	-7.7678	resort area	-1.9741	big city	0.6539	michigan	-0.7052	going on vacation	-5.9958	B	C
ead9c9744aee08678759158efe005175	proper	If I want to behave with proper aplomb, what manners should I avoid?	inappropriate	0.9923	incomplete	-6.3444	impolite	2.225	none	-2.9942	incorrect	-0.0427	A	C
ab8bf60f76bc6119459271140ccae781	squash court	Before lifting weights he liked to warm up on the squash court, he really enjoyed the facilities of the what?	swimming pool	-3.2251	rich person's house	-8.4915	country club	3.3156	fitness center	2.0557	park	-7.35	D	C
56d0fc282a144565f2c852415c6fa92c	judging	What does a person often feel about someone judging them guilty?	controversy	-3.1421	responsibility	-6.2211	resentment	4.7876	judge feelings	-6.0854	hurt feelings	5.6464	C	E
ce246bc94a54431b9c0530e71d2456b5	doing housework	His house was a mess, he began doing housework to get what?	boredom	-6.48	nice home	5.6012	michigan	-8.4115	feeling satisfied	-3.4181	house clean	5.0069	E	B
ac1abecdbbd7bcde6592ca645c2ecb1e	shade	There was no shade for Jenny.  She was forced to lie there exposed to what?	full sunlight	5.9585	bright sunshine	6.0979	sunny place	2.8748	eat cake	-8.4777	direct sunlight	6.2652	A	E
2adbb4fc0d5249dc411dda433f378591	cleaning house	What could happen to you after you are cleaning house for a long time?	neatness	-6.5943	tiredness	3.6756	order	-7.4534	exhaustion	3.3679	sneezing	1.2246	D	B
dbcedaa6a6f1f68bc8f2bf7aef23294e	sex	What do people feel after having sex that requires them to shower?	bedroom	-8.462	pleasant	-2.5978	obesity	-7.8465	painful	0.009	dirty	-1.8183	E	D
13fc28f53423a9b3a656c9431df1b3b5	kissing	What is the thing that is agitated in your head when kissing?	sexual stimulation	-2.3642	herpes	-7.6664	headache	-5.8186	catch cold	-8.273	happiness	-5.0652	E	A
3f3ba1d9a3bfe63df11247a968eaddce	spitting	If i were to spit a lot without noticing i may have extra what?	phlegm	-0.2388	saliva nd mouth	-0.4435	disease	-7.7479	germs	-4.7931	spittle	-2.3973	B	A
487cabfcd776d89748ee7e7bb681ad59	swallow semen	Why do young people swallow semen ?	you're into	-1.4717	prostitute	-7.3675	you're curious	-3.0616	curiosity	-0.1051	heterosexual woman in love	-7.1721	C	D
aabe8eb218468fc63b6c9aa6d428c951	energy	After the weight cut he was worried about his energy levels, but this was part of participating in a what?	work	-6.8115	wrestle	-4.1564	play sports	-4.0012	matter	-6.4022	sleep	-8.3671	B	C
f06852fb4bb2764dc208a991d037f211	letter opener	Where can you keep letter opener when it likely to be needed soon?	office supply store	-7.2593	stationery store	-7.4191	dek	-6.5683	martyr's chest	-6.1744	refrigerator	-1.3006	C	E
e9d4c747018ff81b8c0aefb5abc3c539	people	What do people need to do to change their lives?	face problems	0.9636	better themselves	4.4649	pay bills	-7.4981	become disillusioned	-5.3521	eat chicken	-6.7276	A	B
cf8e30dd6956d03e3f0f0397112a8696	monkey	Where is a monkey likely to enjoy being?	banana tree	0.2948	sailor suit	-3.5083	theatre	-3.6625	mulberry bush	0.4402	research laboratory	-6.1047	A	D
24eebfa678112100803da16dde148b2d	container can	Where would you put a container can after you buy it?	pantry	-1.7127	store	-5.6825	gas	-8.2126	liquid	-7.9808	garage	-3.2275	E	A
5655a3002dd9a6b7dabede1dd26a5893	boat	Where would using a boat not require navigation skills?	water	-7.3348	ocean	-4.6927	garage	-3.7389	harbor	-1.3056	river	-6.1999	E	D
17d9bfaee1efac51b1ca240125bc5977	person	What does a self assured person often do?	acknowledgment	-5.9022	focused	-1.5763	know what time	-1.6218	feel important	1.1987	trust himself	5.5521	D	E
801431167b8bff06b9870abe9721536b	making friends	He was very outgoing, for him making friends was no personal what?	scary	-6.6105	having friends	-3.5292	good feeling	-3.914	conflict	-5.1369	friendship	-5.9817	D	B
db1eb157671109bbb9113b0f71a6b957	carrots	Paul wants carrots and doesn't need to drive anywhere. He gets them from where?	refrigerator	-6.5338	store	-1.1574	farmer's market	3.7009	supermarket	0.067	dryer	-8.3107	A	C
3ed6391c539e6daa5b5fdb1b6d5d8ace	person	What does every person want?	life partner	4.0368	larger house	2.8829	second chances	4.3592	money	-0.566	headache	-7.6021	A	C
1db19a32a3edbff9981976dc9ec800ce	string	If a small flying animal picks up a string, where are they taking it?	bird's nest	-6.0006	park	-8.3793	guitar	-7.2392	kite	-4.8538	quark	-8.1548	A	D
5d809e0ee19badc66071653630ea7c51	rotor	George checked the rotor of the Apache, which wasn't powered by internal combustion, but by what?	jet engine	3.2525	helicopter	-6.5289	electric motor	5.0424	rotator	-2.4223	electrical circuit	3.3479	A	C
0b52cc905fff0ca69a45e6353d10e401	dollar	Where would you put a dollar if you want to go to a store and buy something with it?	cash drawer	0.1911	teh bank	-6.6318	safety deposit box	-4.5301	pocket	-0.4864	piggy bank	-4.4013	D	A
f7a6d0d816d14210f3af5dabe21bf804	windshield	What is unlikely to get bugs on its windshield due to bugs' inability to reach it when it is moving?	airplane	2.2446	scooter	0.3988	motorboat	2.5959	car	1.4632	motor vehicle	1.8209	A	C
c306ab28498b67c53decb9dde1d78bd5	jeans	What mall store sells jeans for a decent price?	clothing store	-4.4484	bedroom	-8.3303	thrift store	-7.0059	apartment	-8.5655	gap	-6.8198	E	A
4f23829b96b38b5633ecc3325281726d	plain	John rode on the plain until it reached the ocean and couldn't go any farther. What might he have bee on?	mountain	-5.3249	fancy	-8.2113	sandplain	-0.8903	cliff	-5.5623	gorge	-5.4688	D	C
ddd606743cf71679438a85280f64593a	folding chair	Where would you use a folding chair but not store one?	beach	-3.8051	city hall	-6.3849	closet	-2.3334	garage	-2.9376	school	-4.5138	A	C
c865b3547c2a2e3c3916d7be6ab25752	gum	If there is gum on your shoe where did it likely come from?	shelf	-7.7234	movies	-7.106	sidewalk	-2.2117	water fountain	-0.9985	table	-3.5186	C	D
a4b44a986e7f9045432e20ea75611df4	exercising	What is main benefit to exercising?	losing weight	3.0308	healthy	2.7675	get in shape	2.0107	weight loss	3.2323	sweat	-6.6193	C	D
d0c67c7ae6f2361fe237110455127866	japanese restaurant	What region of a west coast U.S. city would you find a Japanese restaurant?	california	2.9193	tokio	-0.7023	downtown	-4.1491	narnia	-7.4856	large town	-5.0179	C	A
acf6b667e9353b1743b7c4f60a6a9017	child	What do parents tell a child to do on the weekend?	study	-2.1064	begin school	-6.6484	go out to play	-0.1485	row boat	-3.7483	clean room	1.3919	C	E
be737cd4db844574ef594442ce6c9453	sheep	What animal is known for being a follower?	goat	0.7667	expensive	-7.8901	lion	0.0176	wolf	0.95	meadow	-7.4754	A	D
d29252ddaf7c7ef491abcce342d7bb98	use television	What do you need to do to use television if it is already turned on?	get wet	-8.188	open eyes	1.1021	kill	-6.3008	plug in	4.0883	first turn on power	2.2801	B	D
8cf478192696744b3427f7c109019af5	going to bed	What does going to bed with your spouse for sex lead to?	bad dreams	-5.1845	a good nights sleep	4.6817	rest	-2.2412	sleepiness	2.1715	get pregnant	-1.1737	E	B
0b30831fb1862bc62339bdf930cbc447	shark	Where could you find a shark before it was caught?	pool hall	-5.0163	tomales bay	-1.6573	marine museum	2.0473	business	-7.2529	desert	-5.5366	B	C
f61d83f90b92a8d537989e55ee70542d	buildings	The buildings were intended to not have residential kitchens in them, what were they designed for?	large city	-0.1158	small	-4.5631	eat cake	-8.3185	university	-0.5941	town	-2.1261	D	A
2982d0eae1bf880f5930341af7665716	lake	Where is a lake likely to be glacial?	michigan	1.3688	new york	-5.9933	new york	-5.9933	mountains	-1.3798	countryside	-6.6668	D	A
eee9476bf29498b7d74b043afe316fc6	apple tree	Where do apples form on an apple tree?	south africa	-1.8589	sunshine	-0.5027	new york	-6.2721	bloom	-6.6087	trunk	3.3936	D	E
f11a2975898033893d6a38f75d791fdf	machines	What can machines do that humans cannot?	fail to work	-6.6902	perform work	4.8128	answering questions	1.2956	see work	-3.5294	fly	-1.2151	E	B
d3b145911a76fd6fbe9a23ab027be024	bird	Where is a bird likely to make it's home?	forest	-1.1623	nest	3.599	roof	-1.7531	leaves	-5.4625	sky	0.0761	A	B
ad769851a59375865607452d3bf2a45d	examine thing	Why does someone want to examine thing closely?	buy	-5.7498	learn about	1.345	buy	-5.7498	complex	-2.2206	interesting	3.864	B	E
0a4a00ba435397c4a0496dd2c2426be7	little	What is the opposite of a little of something?	much	4.0539	plenty	4.3817	more	3.8373	big	2.1794	lot of	3.3988	E	B
f7735d721dfdc94621154951d4eaa4cf	discovering truth	She feared that she had cancer, but upon discovering truth that she hadn't, what was her attitude toward life?	conclusion	-2.4155	pain	-7.2297	happiness	4.2875	relief	5.2557	boring	-6.5418	C	D
eaf980db7e945b1cf6d648fa55ddcb5e	having fun	What is the feeling of one having fun?	smiling	4.8123	pleasure	4.2166	hurt	-7.9677	injuries	-7.9562	laughter	2.3225	B	A
d21777d771dc6fd08e769d378651817e	key	Sarah gave her brother a guy to her home.  While she was gone, he used it to do what?	front door	-7.675	turn lock	-2.4854	solution to problem	-6.3416	install	-2.9761	open doors	-4.688	E	B
611a4cc0e288b8a11afa923f48cb2ab4	mammoth	When did mammoth's live?	boscage	-6.0656	forest	-4.7493	prehistory	5.5343	prehistoric times	6.3999	ancient times	5.2243	E	D
0197ade3bb26d163ab2e284c960c626f	snowflake	From where does a snowflake form?	cloud	0.5253	snow storm	-4.9314	billow	-7.3381	air	4.1926	snowstorm	-3.619	A	D
84a761f516efce04ab27d7ca8dd25255	traveling	Traveling from new place to new place is likely to be what?	going somewhere	-0.6701	exhilarating	2.891	diarrhea	-6.5491	relocation	-0.2727	exhausting	4.7983	B	E
45a6becd307342669d9d17474e50b97a	turkey	Turkey only has a small northern part of their country located in part of the what?	middle east	2.4395	oven	-8.3356	balkan peninsula	1.0844	provide meat	-8.0913	asia minor	-1.9829	C	A
c509c499bace6de324b39c0d4d0c30fa	shopping bag	Where might someone store a reusable shopping bag?	supermarket	-6.5754	home	2.7216	mart	-6.7356	obesity	-8.1771	closet	-0.6816	E	B
715583129369c0c5c9f499c93a1c095e	potato	The potato might be the official vegetable of what?	vegans	1.7703	kitchen cupboard	-7.5991	restaurants	-6.2268	chicken	-5.069	maryland	1.5506	E	A
a478e8b7c049781574f7fbb11ba1eec0	sky	Where is the sky most beautiful?	planetarium	-2.515	outdoors	2.1564	atmosphere	-3.9621	night	4.1597	photo	-3.8771	B	D
5649bd90dbb57e223fd843b7a4563a0f	audience	What do audiences clap for?	cinema	-5.5629	theatre	-2.0836	movies	-1.666	show	-0.2517	hockey game	2.5579	D	E
506c2dbfe7b00a82bfdf0507a8de88fb	superhighway	Who is not famous for a superhighway with no speed limit?	europe	-4.3521	germany	-0.4432	industrialized country	-4.759	city	-5.1848	america	-5.6852	E	B
42520bf3f93f8de23670044e019001a3	stone	The low trickle of water revealed a stone, where was the stone found?	ocean	-5.2295	gallbladder	-2.1656	driveway	1.067	river bed	3.6978	creek bed	3.3515	E	D
43fb083962f825ae651d88648bbd2f74	farmland	Farm land makes use of what?	countryside	1.5171	michigan	-5.937	north dakota	-5.4976	farming areas	-5.1871	illinois	-5.6081	D	A
9a544e9f4847c41a15fdf47ae7b98d8a	duffel bag	James is carrying a duffel bag with him because he doesn't have a vehicle of his own and needs a bag to carry his things in while he uses what?	library	-6.0292	transit	0.1765	bus station	0.7154	army barracks	-3.5979	locker room	-3.3197	B	C
26bd85f05d29863ed777a4f1a4b8fa63	smoke	What would you need if you want to smoke?	you're stupid	-7.3392	kill yourself	-8.1265	roll joint	3.7449	cigarette	3.0423	lighter fluid.	1.5926	D	C
d9835ede7a0ed79325de13ca95b85b78	going to work	Why would one try to avoid work?	making money	-7.6409	leave home	-3.0959	success	-6.1752	malaise	-2.5869	bad mood	0.3813	D	E
3fe45ab3bd4a844ea290050fc0ece8c1_1	shop	At a shop what can you buy to put your spare unused things?	basement	-7.3145	cardboard box	3.2181	ocean floor	-8.8052	high school	-8.1066	container	2.452	E	B
570be8c1edb8c638603dc5c8cae421cc	birds	David watched some nesting birds using his binoculars while on vacation.  Where might David be?.	sky	-4.0898	vaccation	-1.8674	forest	-4.4798	countryside	0.671	roof	-8.0375	C	D
dfa23d3422b7294843447b6950d2b476	person	What does a person with a what likely do?	feel important	-3.7926	trust himself	-2.1215	own house	1.8308	electrical circuit	-5.6245	know what time	-1.4981	E	C
1fe90a4aee405e1aa2279442d28803ae	cat	What are cats often known for?	whiskers	-0.7809	sharp teeth	2.4834	purr	0.4356	four legs	-1.212	sharp claws	1.8599	E	B
21ce6f7c5c3d1ad8cf234988c1ad471f	grape	If you really wanted a grape, where would you go to get it?	winery	4.1246	fruit stand	3.9184	field	-2.1187	kitchen	-6.2768	food	-6.937	B	A